﻿<?xml version="1.0" encoding="utf-8"?>
<deployment>
  <id>3a089d60-e3bd-497d-81ed-f33e1c8ef562</id>
  <author>N/A</author>
  <deployer>Push-Deployer</deployer>
  <authorEmail>N/A</authorEmail>
  <message>Created via a push deployment</message>
  <progress></progress>
  <status>Success</status>
  <statusText></statusText>
  <lastSuccessEndTime>2025-11-13T16:56:36.3249494Z</lastSuccessEndTime>
  <receivedTime>2025-11-13T16:55:45.401431Z</receivedTime>
  <startTime>2025-11-13T16:55:46.7675224Z</startTime>
  <endTime>2025-11-13T16:56:36.3249494Z</endTime>
  <complete>True</complete>
  <is_temp>False</is_temp>
  <is_readonly>True</is_readonly>
  <buildSummary />
</deployment>