﻿<?xml version="1.0" encoding="utf-8"?>
<deployment>
  <id>04c72751-e92e-4840-8401-90082cf756dc</id>
  <author>N/A</author>
  <deployer>Push-Deployer</deployer>
  <authorEmail>N/A</authorEmail>
  <message>Created via a push deployment</message>
  <progress></progress>
  <status>Success</status>
  <statusText></statusText>
  <lastSuccessEndTime>2025-11-13T16:45:15.0252786Z</lastSuccessEndTime>
  <receivedTime>2025-11-13T16:44:26.277992Z</receivedTime>
  <startTime>2025-11-13T16:44:27.6793026Z</startTime>
  <endTime>2025-11-13T16:45:15.0252786Z</endTime>
  <complete>True</complete>
  <is_temp>False</is_temp>
  <is_readonly>True</is_readonly>
  <buildSummary />
</deployment>