﻿<?xml version="1.0" encoding="utf-8"?>
<deployment>
  <id>e9a9bb5d-32c1-4946-aa99-9108d20dc957</id>
  <author>N/A</author>
  <deployer>Push-Deployer</deployer>
  <authorEmail>N/A</authorEmail>
  <message>Created via a push deployment</message>
  <progress></progress>
  <status>Success</status>
  <statusText></statusText>
  <lastSuccessEndTime>2025-11-13T16:08:24.6276246Z</lastSuccessEndTime>
  <receivedTime>2025-11-13T16:07:20.6563502Z</receivedTime>
  <startTime>2025-11-13T16:07:22.0943313Z</startTime>
  <endTime>2025-11-13T16:08:24.6276246Z</endTime>
  <complete>True</complete>
  <is_temp>False</is_temp>
  <is_readonly>True</is_readonly>
  <buildSummary />
</deployment>