<step title="BackgroundTrace" date="2025-11-13T12:04:58.155" instance="8c2c91" url="/api/zipdeploy" method="POST" >
  <step title="Creating temporary deployment - FetchDeploymentManager" date="2025-11-13T12:04:58.235" /><!-- duration: 3ms -->
  <step title="Creating temporary deployment" date="2025-11-13T12:04:58.244" /><!-- duration: 80ms -->
  <step title="Performing fetch based deployment" date="2025-11-13T12:04:58.398" >
    <step title="Cleaning up temp folders from previous zip deployments and extracting pushed zip file /tmp/zipdeploy/add3e75b-0315-474b-bb1e-155f392fe445.zip (0.05 MB) to /tmp/zipdeploy/extracted" date="2025-11-13T12:04:59.610" >
      <step title="ChmodRecursive Process exited with total time taken in ms: 71" date="2025-11-13T12:04:59.770" /><!-- duration: 8ms -->
    </step><!-- duration: 173ms -->
    <step title="Deployment timer started" date="2025-11-13T12:05:01.810" >
      <step title="DeploymentManager.Deploy(id:9c7c5206-1b97-4fbd-a7ee-140da85954f3)" date="2025-11-13T12:05:01.871" >
        <step title="Collecting changeset information" date="2025-11-13T12:05:01.916" /><!-- duration: 152ms -->
        <step title="Updating submodules" date="2025-11-13T12:05:02.098" /><!-- duration: 1470ms -->
        <step title="Determining deployment builder" date="2025-11-13T12:05:03.841" >
          <step title="Builder is OryxBuilder" date="2025-11-13T12:05:03.858" /><!-- duration: 5ms -->
        </step><!-- duration: 27ms -->
        <step title="PreDeployment: context.CleanOutputPath False" date="2025-11-13T12:05:03.925" >
          <step title="PreDeployment: context.OutputPath /home/site/wwwroot" date="2025-11-13T12:05:04.064" >
            <step title="Building" date="2025-11-13T12:05:04.291" >
              <step title="Executing external process" date="2025-11-13T12:05:04.753" type="process" path="bash" arguments="-c &quot;oryx build /tmp/zipdeploy/extracted -o /home/site/wwwroot --platform python --platform-version 3.11 -p virtualenv_name=antenv --log-file /tmp/build-debug.log  -i /tmp/8de22ace10e8946 --compress-destination-dir | tee /tmp/oryx-build.log ; exit $PIPESTATUS &quot;" 