<step title="BackgroundTrace" date="2025-11-13T10:45:36.954" instance="8c2c91" url="/api/zipdeploy" method="POST" >
  <step title="Creating temporary deployment - FetchDeploymentManager" date="2025-11-13T10:45:37.045" /><!-- duration: 4ms -->
  <step title="Creating temporary deployment" date="2025-11-13T10:45:37.054" /><!-- duration: 103ms -->
  <step title="Performing fetch based deployment" date="2025-11-13T10:45:37.225" >
    <step title="Cleaning up temp folders from previous zip deployments and extracting pushed zip file /tmp/zipdeploy/5fccfe30-87a6-41ef-864d-6c638f38e570.zip (0.05 MB) to /tmp/zipdeploy/extracted" date="2025-11-13T10:45:38.428" >
      <step title="ChmodRecursive Process exited with total time taken in ms: 31" date="2025-11-13T10:45:38.512" /><!-- duration: 11ms -->
    </step><!-- duration: 99ms -->
    <step title="Deployment timer started" date="2025-11-13T10:45:40.555" >
      <step title="DeploymentManager.Deploy(id:1ffae45b-9876-4c2b-acaf-d030e154bd05)" date="2025-11-13T10:45:40.596" >
        <step title="Collecting changeset information" date="2025-11-13T10:45:40.631" /><!-- duration: 335ms -->
        <step title="Updating submodules" date="2025-11-13T10:45:40.977" /><!-- duration: 1251ms -->
        <step title="Determining deployment builder" date="2025-11-13T10:45:42.554" >
          <step title="Builder is OryxBuilder" date="2025-11-13T10:45:42.568" /><!-- duration: 5ms -->
        </step><!-- duration: 24ms -->
        <step title="PreDeployment: context.CleanOutputPath False" date="2025-11-13T10:45:42.632" >
          <step title="PreDeployment: context.OutputPath /home/site/wwwroot" date="2025-11-13T10:45:42.755" >
            <step title="Building" date="2025-11-13T10:45:43.012" >
              <step title="Executing external process" date="2025-11-13T10:45:43.592" type="process" path="bash" arguments="-c &quot;oryx build /tmp/zipdeploy/extracted -o /home/site/wwwroot --platform python --platform-version 3.11 -p virtualenv_name=antenv --log-file /tmp/build-debug.log  -i /tmp/8de22a1cb1b1e7a --compress-destination-dir | tee /tmp/oryx-build.log ; exit $PIPESTATUS &quot;" /><!-- duration: 63497ms -->
              <step title="Using PythonDeploymentLogParser" date="2025-11-13T10:46:47.543" /><!-- duration: 4ms -->
              <step title="Triggering recycle (preview mode disabled)." date="2025-11-13T10:46:48.847" /><!-- duration: 8ms -->
              <step title="Modified file to trigger a restart of the app container." date="2025-11-13T10:46:48.894" /><!-- duration: 13ms -->
              <step title="Skip function trigger and logicapp sync because function is not enabled." date="2025-11-13T10:46:48.913" /><!-- duration: 12ms -->
            </step><!-- duration: 66647ms -->
          </step><!-- duration: 66909ms -->
          <step title="Cleaning up temp files" date="2025-11-13T10:46:49.668" /><!-- duration: 627ms -->
          <step title="Cleaning up temp files" date="2025-11-13T10:46:50.322" /><!-- duration: 513ms -->
          <step title="Reloading status file with latest updates" date="2025-11-13T10:46:50.874" >
            <step title="WebHooksManager.PublishEventAsync: PostDeployment" date="2025-11-13T10:46:50.879" /><!-- duration: 74ms -->
          </step><!-- duration: 85ms -->
          <step title="Cleaning up temporary deployment - fetch deployment was successful" date="2025-11-13T10:46:50.966" /><!-- duration: 5ms -->
        </step><!-- duration: 68387ms -->
      </step><!-- duration: 70450ms -->
