﻿<?xml version="1.0" encoding="utf-8"?>
<deployment>
  <id>9e6d1dcd-6994-4b3f-9b83-f8bf9ef3f70f</id>
  <author>N/A</author>
  <deployer>Push-Deployer</deployer>
  <authorEmail>N/A</authorEmail>
  <message>Created via a push deployment</message>
  <progress></progress>
  <status>Success</status>
  <statusText></statusText>
  <lastSuccessEndTime>2025-11-13T17:48:29.195701Z</lastSuccessEndTime>
  <receivedTime>2025-11-13T17:47:35.4058591Z</receivedTime>
  <startTime>2025-11-13T17:47:36.8584021Z</startTime>
  <endTime>2025-11-13T17:48:29.195701Z</endTime>
  <complete>True</complete>
  <is_temp>False</is_temp>
  <is_readonly>True</is_readonly>
  <buildSummary />
</deployment>