﻿<?xml version="1.0" encoding="utf-8"?>
<deployment>
  <id>ec15e98a-2628-4062-a8ea-f42f751cfea7</id>
  <author>N/A</author>
  <deployer>Push-Deployer</deployer>
  <authorEmail>N/A</authorEmail>
  <message>Created via a push deployment</message>
  <progress></progress>
  <status>Success</status>
  <statusText></statusText>
  <lastSuccessEndTime>2025-11-13T16:24:11.6650775Z</lastSuccessEndTime>
  <receivedTime>2025-11-13T16:23:21.7134912Z</receivedTime>
  <startTime>2025-11-13T16:23:23.2172352Z</startTime>
  <endTime>2025-11-13T16:24:11.6650775Z</endTime>
  <complete>True</complete>
  <is_temp>False</is_temp>
  <is_readonly>True</is_readonly>
  <buildSummary />
</deployment>