﻿<?xml version="1.0" encoding="utf-8"?>
<deployment>
  <id>3efd159d-978b-4046-9b38-533931854b57</id>
  <author>N/A</author>
  <deployer>Push-Deployer</deployer>
  <authorEmail>N/A</authorEmail>
  <message>Created via a push deployment</message>
  <progress></progress>
  <status>Success</status>
  <statusText></statusText>
  <lastSuccessEndTime>2025-11-14T01:08:47.7498991Z</lastSuccessEndTime>
  <receivedTime>2025-11-14T01:07:40.0759252Z</receivedTime>
  <startTime>2025-11-14T01:07:41.4936507Z</startTime>
  <endTime>2025-11-14T01:08:47.7498991Z</endTime>
  <complete>True</complete>
  <is_temp>False</is_temp>
  <is_readonly>True</is_readonly>
  <buildSummary />
</deployment>