﻿<?xml version="1.0" encoding="utf-8"?>
<deployment>
  <id>1ffae45b-9876-4c2b-acaf-d030e154bd05</id>
  <author>N/A</author>
  <deployer>Push-Deployer</deployer>
  <authorEmail>N/A</authorEmail>
  <message>Created via a push deployment</message>
  <progress></progress>
  <status>Success</status>
  <statusText></statusText>
  <lastSuccessEndTime>2025-11-13T10:46:49.3256112Z</lastSuccessEndTime>
  <receivedTime>2025-11-13T10:45:40.8654312Z</receivedTime>
  <startTime>2025-11-13T10:45:42.4849108Z</startTime>
  <endTime>2025-11-13T10:46:49.3256112Z</endTime>
  <complete>True</complete>
  <is_temp>False</is_temp>
  <is_readonly>True</is_readonly>
  <buildSummary />
</deployment>