﻿<?xml version="1.0" encoding="utf-8"?>
<deployment>
  <id>c0bd5c9f-fba7-4ab7-ba81-0a56fd5dc375</id>
  <author>N/A</author>
  <deployer>Push-Deployer</deployer>
  <authorEmail>N/A</authorEmail>
  <message>Created via a push deployment</message>
  <progress></progress>
  <status>Success</status>
  <statusText></statusText>
  <lastSuccessEndTime>2025-11-13T17:42:45.2452043Z</lastSuccessEndTime>
  <receivedTime>2025-11-13T17:41:47.783804Z</receivedTime>
  <startTime>2025-11-13T17:41:49.2586521Z</startTime>
  <endTime>2025-11-13T17:42:45.2452043Z</endTime>
  <complete>True</complete>
  <is_temp>False</is_temp>
  <is_readonly>True</is_readonly>
  <buildSummary />
</deployment>